name1,name2,name3,name4,name5,name6
"negative regulation of cholesterol biosynthetic process","negative regulation of sterol biosynthetic process",sterol biosynthetic process,sterol metabolic process,0.0149607648170387,
"negative regulation of cholesterol biosynthetic process","negative regulation of cholesterol metabolic process",cholesterol metabolic process,sterol metabolic process,0.0142551501835093,
"negative regulation of cholesterol biosynthetic process","cholesterol biosynthetic process",sterol biosynthetic process,sterol metabolic process,0.00534936982472874,
"negative regulation of cholesterol biosynthetic process","cholesterol biosynthetic process",cholesterol metabolic process,sterol metabolic process,0.00544578017503824,
"negative regulation of cholesterol biosynthetic process","negative regulation of cholesterol metabolic process",negative regulation of steroid metabolic process,0.0206148268579195,,
"negative regulation of cholesterol biosynthetic process","negative regulation of cholesterol metabolic process",cholesterol metabolic process,secondary alcohol metabolic process,0.0141870447131861,
"negative regulation of cholesterol biosynthetic process","cholesterol biosynthetic process",secondary alcohol biosynthetic process,secondary alcohol metabolic process,0.0102374231361446,
"negative regulation of cholesterol biosynthetic process","cholesterol biosynthetic process",cholesterol metabolic process,secondary alcohol metabolic process,0.0056964169933854,
"negative regulation of cholesterol biosynthetic process","negative regulation of alcohol biosynthetic process",regulation of alcohol biosynthetic process,0.0195086806130605,,
"positive regulation of cholesterol biosynthetic process","regulation of cholesterol biosynthetic process",regulation of sterol biosynthetic process,sterol biosynthetic process,sterol metabolic process,0.0280336182542991
"positive regulation of cholesterol biosynthetic process","positive regulation of sterol biosynthetic process",regulation of sterol biosynthetic process,regulation of steroid biosynthetic process,0.0321562152150233,
"positive regulation of megakaryocyte differentiation","megakaryocyte differentiation",0.00763796651993199,,,
"positive regulation of translational initiation by iron","positive regulation of translational initiation",positive regulation of translation,positive regulation of cellular amide metabolic process,0.0236029410000721,
"positive regulation of long-term neuronal synaptic plasticity","positive regulation of neurogenesis",0.0249464422626137,,,
"box C/D snoRNP assembly","small nucleolar ribonucleoprotein complex assembly",ribonucleoprotein complex assembly,0.0047264345384413,,
"box H/ACA snoRNP assembly","small nucleolar ribonucleoprotein complex assembly",ribonucleoprotein complex assembly,0.0047264345384413,,
"detection of chemical stimulus involved in sensory perception of smell","detection of chemical stimulus involved in sensory perception",sensory perception of chemical stimulus,0.0165082248574152,,
"detection of chemical stimulus involved in sensory perception of smell","detection of chemical stimulus involved in sensory perception",detection of stimulus involved in sensory perception,0.0187457403800239,,
"detection of chemical stimulus involved in sensory perception of pain","detection of chemical stimulus involved in sensory perception",sensory perception of chemical stimulus,0.015347891867241,,
"detection of chemical stimulus involved in sensory perception of pain","detection of chemical stimulus involved in sensory perception",detection of stimulus involved in sensory perception,0.0172167386443823,,
"positive regulation of apoptotic process involved in mammary gland involution","apoptotic process involved in mammary gland involution",apoptotic process involved in morphogenesis,0.0339380410193079,,
"negative regulation of phospholipase A2 activity","regulation of phospholipase A2 activity",regulation of phospholipase activity,0.0259856416250821,,
"negative regulation of ryanodine-sensitive calcium-release channel activity","regulation of ryanodine-sensitive calcium-release channel activity",regulation of release of sequestered calcium ion into cytosol,regulation of calcium ion transport into cytosol,0.0337260463930231,
"negative regulation of ryanodine-sensitive calcium-release channel activity","regulation of ryanodine-sensitive calcium-release channel activity",regulation of calcium ion transmembrane transporter activity,regulation of calcium ion transmembrane transport,0.024920102116357,
"positive regulation of ryanodine-sensitive calcium-release channel activity","positive regulation of release of sequestered calcium ion into cytosol",positive regulation of calcium ion transport into cytosol,regulation of calcium ion transport into cytosol,0.0159535425865107,
"positive regulation of ryanodine-sensitive calcium-release channel activity","positive regulation of release of sequestered calcium ion into cytosol",regulation of release of sequestered calcium ion into cytosol,regulation of calcium ion transport into cytosol,0.00534691307218618,
"positive regulation of ryanodine-sensitive calcium-release channel activity","regulation of ryanodine-sensitive calcium-release channel activity",regulation of release of sequestered calcium ion into cytosol,regulation of calcium ion transport into cytosol,0.0337260463930231,
"positive regulation of ryanodine-sensitive calcium-release channel activity","positive regulation of release of sequestered calcium ion into cytosol",positive regulation of calcium ion transport into cytosol,positive regulation of calcium ion transport,0.0138548875718039,
"positive regulation of ryanodine-sensitive calcium-release channel activity","positive regulation of release of sequestered calcium ion into cytosol",positive regulation of calcium ion transmembrane transport,positive regulation of calcium ion transport,0.00781819247244432,
"positive regulation of ryanodine-sensitive calcium-release channel activity","positive regulation of release of sequestered calcium ion into cytosol",positive regulation of calcium ion transmembrane transport,regulation of calcium ion transmembrane transport,0.0115918500814284,
"positive regulation of ryanodine-sensitive calcium-release channel activity","positive regulation of release of sequestered calcium ion into cytosol",regulation of release of sequestered calcium ion into cytosol,regulation of calcium ion transmembrane transport,0.00935957729716303,
"positive regulation of ryanodine-sensitive calcium-release channel activity","regulation of ryanodine-sensitive calcium-release channel activity",regulation of calcium ion transmembrane transporter activity,regulation of calcium ion transmembrane transport,0.024920102116357,
"regulation of endoplasmic reticulum stress-induced eIF2 alpha phosphorylation","eiF2alpha phosphorylation in response to endoplasmic reticulum stress",regulation of translation initiation in response to endoplasmic reticulum stress,regulation of translational initiation in response to stress,0.0075452172827297,
"negative regulation of hair follicle placode formation","negative regulation of hair follicle development",regulation of hair follicle development,hair follicle development,0.0184782398956899,
"negative regulation of hair follicle placode formation","negative regulation of hair follicle development",hair follicle development,0.014581897549956,,
"negative regulation of hair follicle placode formation","hair follicle placode formation",hair follicle development,0.0365116570973936,,
"negative regulation of hair follicle placode formation","hair follicle placode formation",ectodermal placode formation,ectodermal placode morphogenesis,0.0298927346439603,
"fructose catabolic process to hydroxyacetone phosphate and glyceraldehyde-3-phosphate","glyceraldehyde-3-phosphate metabolic process",cellular aldehyde metabolic process,0.00493456920378276,,
"fructose catabolic process to hydroxyacetone phosphate and glyceraldehyde-3-phosphate","fructose catabolic process",fructose metabolic process,0.0169284797271624,,
"mitochondrial tRNA pseudouridine synthesis","mitochondrial tRNA modification",mitochondrial tRNA processing,mitochondrial RNA processing,0.00437391868007545,
"mitochondrial tRNA pseudouridine synthesis","mitochondrial tRNA modification",tRNA modification,0.00116300660528343,,
"mitochondrial tRNA pseudouridine synthesis","mitochondrial tRNA modification",tRNA threonylcarbamoyladenosine metabolic process,0.00506842130508487,,
"cellular response to nicotine","response to nicotine",0.00755814134030018,,,
"metanephric mesenchymal cell proliferation involved in metanephros development","cell proliferation involved in metanephros development",cell proliferation involved in kidney development,0.0292594490441116,,
"negative regulation of metanephric glomerular mesangial cell proliferation","regulation of metanephric glomerular mesangial cell proliferation",regulation of glomerular mesangial cell proliferation,regulation of cell proliferation involved in kidney development,cell proliferation involved in kidney development,0.0286242304065651
"positive regulation of glomerular metanephric mesangial cell proliferation","regulation of metanephric glomerular mesangial cell proliferation",regulation of glomerular mesangial cell proliferation,regulation of cell proliferation involved in kidney development,cell proliferation involved in kidney development,0.0286242304065651
"flavin adenine dinucleotide catabolic process","flavin adenine dinucleotide metabolic process",flavin-containing compound metabolic process,0.00822305060168926,,
"negative regulation of cellular organofluorine metabolic process","cellular organofluorine metabolic process",cellular organohalogen metabolic process,0.0262570199761361,,
"positive regulation of hematopoietic stem cell proliferation","positive regulation of stem cell proliferation",regulation of stem cell proliferation,stem cell proliferation,0.0139914264287334,
"positive regulation of hematopoietic stem cell proliferation","positive regulation of stem cell proliferation",stem cell proliferation,0.018146774954901,,
"positive regulation of macrophage derived foam cell differentiation","regulation of macrophage derived foam cell differentiation",macrophage derived foam cell differentiation,foam cell differentiation,0.000953740238338131,
"positive regulation of macrophage derived foam cell differentiation","macrophage derived foam cell differentiation",foam cell differentiation,0.000259272594388604,,
"negative regulation of macrophage derived foam cell differentiation","regulation of macrophage derived foam cell differentiation",macrophage derived foam cell differentiation,foam cell differentiation,0.000953740238338131,
"negative regulation of macrophage derived foam cell differentiation","macrophage derived foam cell differentiation",foam cell differentiation,0.00448789193033549,,
"deactivation of mitotic spindle assembly checkpoint","positive regulation of mitotic metaphase/anaphase transition",positive regulation of metaphase/anaphase transition of cell cycle,positive regulation of cell cycle phase transition,0.000708201638402552,
"deactivation of mitotic spindle assembly checkpoint","positive regulation of mitotic metaphase/anaphase transition",positive regulation of mitotic sister chromatid separation,positive regulation of chromosome separation,0.00251494735686229,
"positive regulation of mesenchymal stem cell proliferation","positive regulation of stem cell proliferation",regulation of stem cell proliferation,stem cell proliferation,0.0188470175384787,
"positive regulation of mesenchymal stem cell proliferation","positive regulation of stem cell proliferation",stem cell proliferation,0.018146774954901,,
"positive regulation of histone H3-K27 trimethylation","regulation of histone H3-K27 trimethylation",regulation of histone H3-K27 methylation,histone H3-K27 methylation,histone lysine methylation,0.0167534387946339
"positive regulation of histone H3-K27 trimethylation","histone H3-K27 trimethylation",histone H3-K27 methylation,histone lysine methylation,0.00421280362195381,
"negative regulation of apoptotic DNA fragmentation","regulation of apoptotic DNA fragmentation",regulation of DNA catabolic process,DNA catabolic process,0.0149909428457469,
"positive regulation of apoptotic DNA fragmentation","regulation of apoptotic DNA fragmentation",regulation of DNA catabolic process,DNA catabolic process,0.0149909428457469,
"positive regulation of apoptotic DNA fragmentation","apoptotic DNA fragmentation","DNA catabolic process, endonucleolytic",DNA catabolic process,0.0251963842086205,
"positive regulation of apoptotic DNA fragmentation","apoptotic DNA fragmentation",apoptotic nuclear changes,cellular component disassembly involved in execution phase of apoptosis,0.0279877519822545,
"positive regulation of apoptotic DNA fragmentation","positive regulation of DNA catabolic process",positive regulation of DNA metabolic process,0.0109149633145893,,
"positive regulation of macrophage chemotaxis","regulation of granulocyte chemotaxis",granulocyte chemotaxis,leukocyte chemotaxis,0.015560497010858,
"positive regulation of macrophage chemotaxis","positive regulation of leukocyte chemotaxis",positive regulation of chemotaxis,0.0227715976642874,,
"positive regulation of macrophage chemotaxis","regulation of granulocyte chemotaxis",granulocyte chemotaxis,granulocyte migration,0.0155833545692947,
"negative regulation of endoplasmic reticulum stress-induced eIF2 alpha phosphorylation","eiF2alpha phosphorylation in response to endoplasmic reticulum stress",regulation of translation initiation in response to endoplasmic reticulum stress,regulation of translational initiation in response to stress,0.0075452172827297,
"positive regulation of endoplasmic reticulum stress-induced eIF2 alpha dephosphorylation","eIF2alpha dephosphorylation in response to endoplasmic reticulum stress",regulation of translational initiation by eIF2 alpha dephosphorylation,protein dephosphorylation,0.000358027528460229,
"positive regulation of endoplasmic reticulum stress-induced eIF2 alpha dephosphorylation","eIF2alpha dephosphorylation in response to endoplasmic reticulum stress",regulation of translation initiation in response to endoplasmic reticulum stress,regulation of translational initiation in response to stress,0.000808047086628886,
"positive regulation of endoplasmic reticulum stress-induced eIF2 alpha dephosphorylation","eIF2alpha dephosphorylation in response to endoplasmic reticulum stress",regulation of translational initiation by eIF2 alpha dephosphorylation,regulation of translational initiation in response to stress,0.000866587445688914,
"positive regulation of cholesterol storage","positive regulation of lipid storage",regulation of lipid storage,lipid storage,0.00765507655011538,
"negative regulation of cholesterol storage","negative regulation of lipid storage",regulation of lipid storage,lipid storage,0.0139693606972318,
"negative regulation of cholesterol storage","negative regulation of lipid storage",lipid storage,0.00839260934564826,,
"positive regulation of sequestering of triglyceride","positive regulation of lipid storage",regulation of lipid storage,lipid storage,0.00765507655011538,
"positive regulation of sequestering of triglyceride","regulation of sequestering of triglyceride",regulation of lipid storage,lipid storage,0.00503778751560393,
"positive regulation of sequestering of triglyceride","regulation of sequestering of triglyceride",sequestering of triglyceride,lipid storage,0.0162939033957094,
"positive regulation of sequestering of triglyceride","sequestering of triglyceride",lipid storage,0.0159217910794992,,
"negative regulation of sequestering of triglyceride","negative regulation of lipid storage",regulation of lipid storage,lipid storage,0.0139693606972318,
"negative regulation of collagen fibril organization","negative regulation of extracellular matrix organization",regulation of extracellular matrix organization,0.0147517656681425,,
"negative regulation of sequestering of triglyceride","negative regulation of lipid storage",lipid storage,0.00839260934564826,,
"negative regulation of sequestering of triglyceride","regulation of sequestering of triglyceride",regulation of lipid storage,lipid storage,0.00503778751560393,
"negative regulation of sequestering of triglyceride","regulation of sequestering of triglyceride",sequestering of triglyceride,lipid storage,0.0162939033957094,
"negative regulation of sequestering of triglyceride","sequestering of triglyceride",lipid storage,0.00451907570770939,,
"cellular response to 2-O-acetyl-1-O-hexadecyl-sn-glycero-3-phosphocholine","cellular response to ether",response to ether,0.0355532207476168,,
"negative regulation of neuronal action potential","regulation of neuronal action potential",regulation of transmission of nerve impulse,regulation of nervous system process,0.0133933279362071,
"negative regulation of neuronal action potential","regulation of neuronal action potential",regulation of transmission of nerve impulse,transmission of nerve impulse,0.00833134735312538,
"positive regulation of neuronal action potential","regulation of neuronal action potential",regulation of transmission of nerve impulse,regulation of nervous system process,0.0133933279362071,
"positive regulation of neuronal action potential","regulation of neuronal action potential",regulation of transmission of nerve impulse,transmission of nerve impulse,0.00833134735312538,
"positive regulation of neuronal action potential","neuronal action potential",transmission of nerve impulse,0.0226961671967313,,
"cellular response to ionomycin","cellular response to ether",response to ether,0.0332964424483918,,
"negative regulation of epithelial to mesenchymal transition involved in endocardial cushion formation","regulation of epithelial to mesenchymal transition involved in endocardial cushion formation",epithelial to mesenchymal transition involved in endocardial cushion formation,endocardial cushion formation,endocardial cushion morphogenesis,0.0105370356114487
"negative regulation of epithelial to mesenchymal transition involved in endocardial cushion formation","epithelial to mesenchymal transition involved in endocardial cushion formation",endocardial cushion formation,endocardial cushion morphogenesis,0.00600735743800708,
"negative regulation of epithelial to mesenchymal transition involved in endocardial cushion formation","regulation of epithelial to mesenchymal transition involved in endocardial cushion formation",regulation of cardiac epithelial to mesenchymal transition,cardiac epithelial to mesenchymal transition,0.00664920836147201,
"positive regulation of epithelial to mesenchymal transition involved in endocardial cushion formation","regulation of epithelial to mesenchymal transition involved in endocardial cushion formation",epithelial to mesenchymal transition involved in endocardial cushion formation,endocardial cushion formation,endocardial cushion morphogenesis,0.0105370356114487
"positive regulation of epithelial to mesenchymal transition involved in endocardial cushion formation","epithelial to mesenchymal transition involved in endocardial cushion formation",endocardial cushion formation,endocardial cushion morphogenesis,0.00495992758389209,
"positive regulation of epithelial to mesenchymal transition involved in endocardial cushion formation","positive regulation of cardiac epithelial to mesenchymal transition",positive regulation of epithelial to mesenchymal transition,regulation of epithelial to mesenchymal transition,0.0149091341711995,
"positive regulation of epithelial to mesenchymal transition involved in endocardial cushion formation","positive regulation of cardiac epithelial to mesenchymal transition",regulation of cardiac epithelial to mesenchymal transition,regulation of epithelial to mesenchymal transition,0.0116215060943639,
"positive regulation of epithelial to mesenchymal transition involved in endocardial cushion formation","regulation of epithelial to mesenchymal transition involved in endocardial cushion formation",regulation of cardiac epithelial to mesenchymal transition,cardiac epithelial to mesenchymal transition,0.0067550182642454,
"positive regulation of epithelial to mesenchymal transition involved in endocardial cushion formation","epithelial to mesenchymal transition involved in endocardial cushion formation",cardiac epithelial to mesenchymal transition,0.0197985636932917,,
"positive regulation of epithelial to mesenchymal transition involved in endocardial cushion formation","positive regulation of cardiac epithelial to mesenchymal transition",regulation of cardiac epithelial to mesenchymal transition,cardiac epithelial to mesenchymal transition,0.0063713887868462,
"positive regulation of epithelial to mesenchymal transition involved in endocardial cushion formation","positive regulation of cardiac epithelial to mesenchymal transition",cardiac epithelial to mesenchymal transition,0.00590133159224988,,
"positive regulation of metaphase/anaphase transition of meiosis I","metaphase/anaphase transition of meiosis I",0.000180345291341465,,,
"positive regulation of metaphase/anaphase transition of meiosis I","positive regulation of metaphase/anaphase transition of meiotic cell cycle",positive regulation of meiotic cell cycle phase transition,positive regulation of meiotic cell cycle,0.000241261426129045,
"positive regulation of metaphase/anaphase transition of meiosis I","positive regulation of metaphase/anaphase transition of meiotic cell cycle",positive regulation of meiotic cell cycle phase transition,positive regulation of cell cycle phase transition,0.000808047086628886,
"positive regulation of metaphase/anaphase transition of meiosis I","positive regulation of metaphase/anaphase transition of meiotic cell cycle",positive regulation of metaphase/anaphase transition of cell cycle,positive regulation of cell cycle phase transition,0.000708201638402552,
"positive regulation of metaphase/anaphase transition of meiosis I","positive regulation of metaphase/anaphase transition of meiotic cell cycle",positive regulation of meiotic chromosome separation,positive regulation of chromosome separation,0.00251494735686229,
"peptide cross-linking via chondroitin 4-sulfate glycosaminoglycan","chondroitin sulfate metabolic process",chondroitin sulfate proteoglycan metabolic process,0.0227332651159536,,
"positive regulation of determination of dorsal identity","determination of dorsal identity",dorsal/ventral pattern formation,0.0358515580114523,,
"negative regulation of pancreatic stellate cell proliferation","regulation of pancreatic stellate cell proliferation",regulation of fibroblast proliferation,fibroblast proliferation,0.0408200396232538,
"positive regulation of DNA topoisomerase (ATP-hydrolyzing) activity","regulation of DNA topoisomerase (ATP-hydrolyzing) activity",regulation of ATPase activity,0.00810773044352573,,
"positive regulation of DNA topoisomerase (ATP-hydrolyzing) activity","positive regulation of ATPase activity",regulation of ATPase activity,0.00352941317704235,,
"negative regulation of immunological synapse formation","regulation of immunological synapse formation",immunological synapse formation,cell-cell recognition,0.00713099555515859,
"negative regulation of immunological synapse formation","immunological synapse formation",cell-cell recognition,0.00613800226312553,,
"positive regulation of immunological synapse formation","regulation of immunological synapse formation",immunological synapse formation,cell-cell recognition,0.0119595834529874,
"positive regulation of termination of RNA polymerase II transcription, poly(A)-coupled","termination of RNA polymerase II transcription, poly(A)-coupled",termination of RNA polymerase II transcription,"DNA-templated transcription, termination",0.0294437224308548,
"negative regulation of myeloid dendritic cell activation","regulation of myeloid dendritic cell activation",myeloid dendritic cell activation,0.012144347018231,,
"positive regulation of myeloid dendritic cell activation","regulation of myeloid dendritic cell activation",myeloid dendritic cell activation,0.012144347018231,,
"negative regulation of B cell proliferation","negative regulation of B cell activation",regulation of B cell activation,0.00436368952491033,,
"hair follicle morphogenesis","hair follicle development",0.00402971690357363,,,
"positive regulation of inositol 1,4,5-trisphosphate-sensitive calcium-release channel activity","positive regulation of release of sequestered calcium ion into cytosol",positive regulation of calcium ion transport into cytosol,regulation of calcium ion transport into cytosol,0.0159535425865107,
"positive regulation of inositol 1,4,5-trisphosphate-sensitive calcium-release channel activity","positive regulation of release of sequestered calcium ion into cytosol",regulation of release of sequestered calcium ion into cytosol,regulation of calcium ion transport into cytosol,0.00534691307218618,
"positive regulation of inositol 1,4,5-trisphosphate-sensitive calcium-release channel activity","positive regulation of release of sequestered calcium ion into cytosol",positive regulation of calcium ion transport into cytosol,positive regulation of calcium ion transport,0.0138548875718039,
"positive regulation of inositol 1,4,5-trisphosphate-sensitive calcium-release channel activity","positive regulation of release of sequestered calcium ion into cytosol",positive regulation of calcium ion transmembrane transport,positive regulation of calcium ion transport,0.00781819247244432,
"positive regulation of inositol 1,4,5-trisphosphate-sensitive calcium-release channel activity","positive regulation of calcium ion transmembrane transporter activity",positive regulation of calcium ion transmembrane transport,positive regulation of calcium ion transport,0.000357579965362629,
"positive regulation of inositol 1,4,5-trisphosphate-sensitive calcium-release channel activity","positive regulation of release of sequestered calcium ion into cytosol",positive regulation of calcium ion transmembrane transport,regulation of calcium ion transmembrane transport,0.0115918500814284,
"positive regulation of inositol 1,4,5-trisphosphate-sensitive calcium-release channel activity","positive regulation of release of sequestered calcium ion into cytosol",regulation of release of sequestered calcium ion into cytosol,regulation of calcium ion transmembrane transport,0.00935957729716303,
"positive regulation of inositol 1,4,5-trisphosphate-sensitive calcium-release channel activity","positive regulation of calcium ion transmembrane transporter activity",regulation of calcium ion transmembrane transporter activity,regulation of calcium ion transmembrane transport,0.000349012979495914,
"positive regulation of inositol 1,4,5-trisphosphate-sensitive calcium-release channel activity","positive regulation of calcium ion transmembrane transporter activity",positive regulation of calcium ion transmembrane transport,regulation of calcium ion transmembrane transport,0.00044233779654906,
"positive regulation of myelination","myelination",axon ensheathment,ensheathment of neurons,0.0268195803651855,
"positive regulation of myelination","positive regulation of nervous system process",regulation of nervous system process,0.0149804954203708,,
"negative regulation of telomere maintenance via semi-conservative replication","negative regulation of telomere maintenance",regulation of telomere maintenance,telomere maintenance,0.0315868295354384,
"pyridoxal phosphate catabolic process","pyridoxal phosphate metabolic process",vitamin B6 metabolic process,0.013847569100047,,
"atrial septum primum morphogenesis","atrial septum morphogenesis",cardiac atrium morphogenesis,0.00543319925633097,,
"atrial septum primum morphogenesis","atrial septum morphogenesis",cardiac septum morphogenesis,0.00479458830397538,,
"atrial septum primum morphogenesis","atrial septum morphogenesis",atrial septum development,0.00648814511627469,,
"atrial septum secundum morphogenesis","atrial septum morphogenesis",cardiac atrium morphogenesis,0.00543319925633097,,
"atrial septum secundum morphogenesis","atrial septum morphogenesis",cardiac septum morphogenesis,0.00479458830397538,,
"atrial septum secundum morphogenesis","atrial septum morphogenesis",atrial septum development,0.00648814511627469,,
"positive regulation of extracellular matrix constituent secretion","regulation of extracellular matrix constituent secretion",regulation of extracellular matrix organization,0.00446701112378408,,
"positive regulation of extracellular matrix constituent secretion","positive regulation of extracellular matrix organization",regulation of extracellular matrix organization,0.00806359541428895,,
"negative regulation of extracellular matrix constituent secretion","regulation of extracellular matrix constituent secretion",regulation of extracellular matrix organization,0.00446701112378408,,
"negative regulation of extracellular matrix constituent secretion","negative regulation of extracellular matrix organization",regulation of extracellular matrix organization,0.016755527622212,,
"regulation of COPII vesicle coating","regulation of ER to Golgi vesicle-mediated transport by GTP hydrolysis",regulation of ER to Golgi vesicle-mediated transport,endoplasmic reticulum to Golgi vesicle-mediated transport,0.0187175678106772,
"positive regulation of heterotypic cell-cell adhesion","heterotypic cell-cell adhesion",0.0165296949346989,,,
"behavioral response to nicotine","response to nicotine",0.00755814134030018,,,
"behavioral response to nicotine","adult behavior",0.0176357376166605,,,
"protein O-linked fucosylation","protein O-linked glycosylation",protein glycosylation,macromolecule glycosylation,0.0280305218437206,
"suppression by virus of host STAT1 activity","suppression by virus of host STAT activity",suppression by virus of host molecular function,0.00201072463499475,,
"suppression by virus of host STAT2 activity","suppression by virus of host STAT activity",suppression by virus of host molecular function,0.00201072463499475,,
"negative regulation of neutrophil degranulation","negative regulation of neutrophil activation",neutrophil activation,0.0263887699118001,,
